<application>
  <component name="LangManager">
    <option name="languageName" value="JAVA" />
  </component>
  <component name="LessonStateBase">
    <option name="myMap">
      <map>
        <entry key="Actions" value="PASSED" />
        <entry key="Basic Completion" value="PASSED" />
        <entry key="Class Search" value="NOT_PASSED" />
        <entry key="CodeAssistance.CodeFormatting" value="PASSED" />
        <entry key="CodeAssistance.EditorCodingAssistance" value="NOT_PASSED" />
        <entry key="CodeAssistance.ParameterInfo" value="PASSED" />
        <entry key="CodeAssistance.QuickPopups" value="PASSED" />
        <entry key="Collapse" value="PASSED" />
        <entry key="Comment Line" value="PASSED" />
        <entry key="Completion with Tab" value="PASSED" />
        <entry key="Declaration and usages" value="NOT_PASSED" />
        <entry key="Duplicate" value="PASSED" />
        <entry key="EditorBasics.CommentLine" value="NOT_PASSED" />
        <entry key="EditorBasics.DeleteLine" value="PASSED" />
        <entry key="EditorBasics.Selection" value="NOT_PASSED" />
        <entry key="File structure" value="NOT_PASSED" />
        <entry key="Hippie Completion" value="NOT_PASSED" />
        <entry key="Move" value="PASSED" />
        <entry key="Multiple Selections" value="PASSED" />
        <entry key="Navigation.Declaration/Implementation" value="PASSED" />
        <entry key="Navigation.FileStructure" value="PASSED" />
        <entry key="Navigation.JumptoSource" value="PASSED" />
        <entry key="Navigation.Next/PreviousOccurrences" value="PASSED" />
        <entry key="Postfix Completion" value="PASSED" />
        <entry key="Refactorings.ExtractMethod" value="PASSED" />
        <entry key="Refactorings.ExtractVariable/Field" value="PASSED" />
        <entry key="Refactorings.RefactoringBasics" value="PASSED" />
        <entry key="Refactorings.Rename" value="PASSED" />
        <entry key="Select" value="PASSED" />
        <entry key="Smart Type Completion" value="PASSED" />
        <entry key="Statement Completion" value="PASSED" />
        <entry key="swift.codeassistance.codeformatting" value="NOT_PASSED" />
        <entry key="swift.codeassistance.quickpopups" value="NOT_PASSED" />
        <entry key="swift.codegeneration.createfromusage" value="NOT_PASSED" />
        <entry key="swift.codegeneration.generate" value="NOT_PASSED" />
        <entry key="swift.codegeneration.overrideimplement" value="NOT_PASSED" />
        <entry key="swift.codegeneration.quickfixes" value="NOT_PASSED" />
        <entry key="swift.completions.basiccompletion" value="NOT_PASSED" />
        <entry key="swift.editorbasics.collapse" value="NOT_PASSED" />
        <entry key="swift.editorbasics.commentline" value="NOT_PASSED" />
        <entry key="swift.editorbasics.deleteline" value="NOT_PASSED" />
        <entry key="swift.editorbasics.duplicate" value="NOT_PASSED" />
        <entry key="swift.editorbasics.move" value="NOT_PASSED" />
        <entry key="swift.editorbasics.multipleselections" value="NOT_PASSED" />
        <entry key="swift.editorbasics.selection" value="NOT_PASSED" />
        <entry key="swift.navigation.code" value="NOT_PASSED" />
        <entry key="swift.navigation.search" value="NOT_PASSED" />
        <entry key="swift.navigation.toolwindows" value="NOT_PASSED" />
        <entry key="swift.rdt.debug" value="NOT_PASSED" />
        <entry key="swift.rdt.run" value="NOT_PASSED" />
        <entry key="swift.rdt.test" value="NOT_PASSED" />
        <entry key="swift.refactorings.extract.closure" value="NOT_PASSED" />
        <entry key="swift.refactorings.extract.method" value="NOT_PASSED" />
        <entry key="swift.refactorings.extract.variable" value="NOT_PASSED" />
        <entry key="swift.refactorings.rename" value="NOT_PASSED" />
      </map>
    </option>
  </component>
  <component name="StatisticBase">
    <option name="persistedLessonId2State">
      <map>
        <entry key="Actions">
          <value>
            <StatisticData>
              <option name="state" value="PASSED" />
              <option name="timestamp" value="79457" />
            </StatisticData>
          </value>
        </entry>
        <entry key="Basic Completion">
          <value>
            <StatisticData>
              <option name="state" value="PASSED" />
              <option name="timestamp" value="145876" />
            </StatisticData>
          </value>
        </entry>
        <entry key="CodeAssistance.CodeFormatting">
          <value>
            <StatisticData>
              <option name="state" value="PASSED" />
              <option name="timestamp" value="8338" />
            </StatisticData>
          </value>
        </entry>
        <entry key="CodeAssistance.EditorCodingAssistance">
          <value>
            <StatisticData>
              <option name="state" value="STARTED" />
              <option name="timestamp" value="1561289829673" />
            </StatisticData>
          </value>
        </entry>
        <entry key="CodeAssistance.ParameterInfo">
          <value>
            <StatisticData>
              <option name="state" value="PASSED" />
              <option name="timestamp" value="20069" />
            </StatisticData>
          </value>
        </entry>
        <entry key="CodeAssistance.QuickPopups">
          <value>
            <StatisticData>
              <option name="state" value="PASSED" />
              <option name="timestamp" value="9501" />
            </StatisticData>
          </value>
        </entry>
        <entry key="Collapse">
          <value>
            <StatisticData>
              <option name="state" value="PASSED" />
              <option name="timestamp" value="63818" />
            </StatisticData>
          </value>
        </entry>
        <entry key="Comment Line">
          <value>
            <StatisticData>
              <option name="state" value="PASSED" />
              <option name="timestamp" value="16439" />
            </StatisticData>
          </value>
        </entry>
        <entry key="Completion with Tab">
          <value>
            <StatisticData>
              <option name="state" value="PASSED" />
              <option name="timestamp" value="13501" />
            </StatisticData>
          </value>
        </entry>
        <entry key="Duplicate">
          <value>
            <StatisticData>
              <option name="state" value="PASSED" />
              <option name="timestamp" value="21594" />
            </StatisticData>
          </value>
        </entry>
        <entry key="EditorBasics.DeleteLine">
          <value>
            <StatisticData>
              <option name="state" value="PASSED" />
              <option name="timestamp" value="3346" />
            </StatisticData>
          </value>
        </entry>
        <entry key="Move">
          <value>
            <StatisticData>
              <option name="state" value="PASSED" />
              <option name="timestamp" value="72152" />
            </StatisticData>
          </value>
        </entry>
        <entry key="Multiple Selections">
          <value>
            <StatisticData>
              <option name="state" value="PASSED" />
              <option name="timestamp" value="103935" />
            </StatisticData>
          </value>
        </entry>
        <entry key="Navigation.Declaration/Implementation">
          <value>
            <StatisticData>
              <option name="state" value="PASSED" />
              <option name="timestamp" value="7860" />
            </StatisticData>
          </value>
        </entry>
        <entry key="Navigation.FileStructure">
          <value>
            <StatisticData>
              <option name="state" value="PASSED" />
              <option name="timestamp" value="4971" />
            </StatisticData>
          </value>
        </entry>
        <entry key="Navigation.JumptoSource">
          <value>
            <StatisticData>
              <option name="state" value="PASSED" />
              <option name="timestamp" value="16766" />
            </StatisticData>
          </value>
        </entry>
        <entry key="Navigation.Next/PreviousOccurrences">
          <value>
            <StatisticData>
              <option name="state" value="PASSED" />
              <option name="timestamp" value="48017" />
            </StatisticData>
          </value>
        </entry>
        <entry key="Postfix Completion">
          <value>
            <StatisticData>
              <option name="state" value="PASSED" />
              <option name="timestamp" value="17059" />
            </StatisticData>
          </value>
        </entry>
        <entry key="Refactorings.ExtractMethod">
          <value>
            <StatisticData>
              <option name="state" value="PASSED" />
              <option name="timestamp" value="51933" />
            </StatisticData>
          </value>
        </entry>
        <entry key="Refactorings.ExtractVariable/Field">
          <value>
            <StatisticData>
              <option name="state" value="PASSED" />
              <option name="timestamp" value="20016" />
            </StatisticData>
          </value>
        </entry>
        <entry key="Refactorings.RefactoringBasics">
          <value>
            <StatisticData>
              <option name="state" value="PASSED" />
              <option name="timestamp" value="47638" />
            </StatisticData>
          </value>
        </entry>
        <entry key="Refactorings.Rename">
          <value>
            <StatisticData>
              <option name="state" value="PASSED" />
              <option name="timestamp" value="33827" />
            </StatisticData>
          </value>
        </entry>
        <entry key="Select">
          <value>
            <StatisticData>
              <option name="state" value="PASSED" />
              <option name="timestamp" value="19062" />
            </StatisticData>
          </value>
        </entry>
        <entry key="Smart Type Completion">
          <value>
            <StatisticData>
              <option name="state" value="PASSED" />
              <option name="timestamp" value="24102" />
            </StatisticData>
          </value>
        </entry>
        <entry key="Statement Completion">
          <value>
            <StatisticData>
              <option name="state" value="PASSED" />
              <option name="timestamp" value="32907" />
            </StatisticData>
          </value>
        </entry>
      </map>
    </option>
  </component>
</application>